A	00-original	OPEN	00-original.jtd - 一太郎ビューア
A	01-repack	OPEN	01-repack.jtd - 一太郎ビューア
A	02-textv-repack	OPEN	02-textv-repack.jtd - 一太郎ビューア
A	03-replace-1char	DIALOG	一太郎ビューア
A	04-insert-keep-caches	OPEN	04-insert-keep-caches.jtd - 一太郎ビューア
A	05-insert-no-marks	OPEN	05-insert-no-marks.jtd - 一太郎ビューア
A	06-insert-no-caches	OPEN	06-insert-no-caches.jtd - 一太郎ビューア
A	07-nochange-no-marks	OPEN	07-nochange-no-marks.jtd - 一太郎ビューア
B	00-original	OPEN	00-original.jtd - 一太郎ビューア
B	01-repack	OPEN	01-repack.jtd - 一太郎ビューア
B	02-textv-repack	OPEN	02-textv-repack.jtd - 一太郎ビューア
B	03-replace-1char	OPEN	03-replace-1char.jtd - 一太郎ビューア
B	04-insert-keep-caches	OPEN	04-insert-keep-caches.jtd - 一太郎ビューア
B	05-insert-no-marks	OPEN	05-insert-no-marks.jtd - 一太郎ビューア
B	06-insert-no-caches	OPEN	06-insert-no-caches.jtd - 一太郎ビューア
B	07-nochange-no-marks	OPEN	07-nochange-no-marks.jtd - 一太郎ビューア
